file_id	status	override	chromosome	base_pair_location	marker	effect_allele	other_allele	beta	odds_ratio	standard_error	effect_allele_frequency	p_value	neg_log_10_p_value	z	n	rsid	effect_source	n_source	sample_rows_in	sample_rows_kept
2017_Wheeler_PLoSMed_HbA1c_AFR_GCST007952	ok		chr	pos		effect_allele	other_allele	beta		stderr		pvalue				snp	beta	study total from GWAS Catalog	11986	11986
2017_Wheeler_PLoSMed_HbA1c_EAS_GCST007953	ok		chr	pos		effect_allele	other_allele	beta		stderr		pvalue				snp	beta	study total from GWAS Catalog	12199	12199
2017_Wheeler_PLoSMed_HbA1c_EUR_GCST007954	ok		chr	pos		effect_allele	other_allele	beta		stderr		pvalue				snp	beta	study total from GWAS Catalog	12903	12903
2017_Wheeler_PLoSMed_HbA1c_SAS_GCST007951	ok		chr	pos		effect_allele	other_allele	beta		stderr		pvalue				snp	beta	study total from GWAS Catalog	12120	12120
2019_Teumer_NatCommun_UACR_AFR_GCST008793	ok	effect_allele=Allele1;other_allele=Allele2;effect_allele_frequency=Freq1	Chr	Pos_b37		Allele1	Allele2	Effect		StdErr	Freq1	P-value			n_total_sum	RSID	beta	per variant	10298	10298
2019_Teumer_NatCommun_UACR_EUR_GCST008794	ok	effect_allele=Allele1;other_allele=Allele2;effect_allele_frequency=Freq1	Chr	Pos_b37		Allele1	Allele2	Effect		StdErr	Freq1	P-value			n_total_sum	RSID	beta	per variant	8442	8442
2019_Teumer_NatCommun_UACR_MULTI_GCST008790	ok	effect_allele=Allele1;other_allele=Allele2;effect_allele_frequency=Freq1	Chr	Pos_b37		Allele1	Allele2	Effect		StdErr	Freq1	P-value			n_total_sum	RSID	beta	per variant	10171	10171
2020_Chen_Cell_BasophilCount_AFR_GCST90002291	ok		chromosome	base_pair_location		effect_allele	other_allele	beta		standard_error	effect_allele_frequency	p_value					beta	study total from GWAS Catalog	10683	10683
2020_Chen_Cell_BasophilCount_AMR_GCST90002294	ok		chromosome	base_pair_location		effect_allele	other_allele	beta		standard_error	effect_allele_frequency	p_value					beta	study total from GWAS Catalog	10906	10906
2020_Chen_Cell_BasophilCount_EAS_GCST90002293	ok		chromosome	base_pair_location		effect_allele	other_allele	beta		standard_error	effect_allele_frequency	p_value					beta	study total from GWAS Catalog	11422	11422
2020_Chen_Cell_BasophilCount_EUR_GCST90002292	ok		chromosome	base_pair_location		effect_allele	other_allele	beta		standard_error	effect_allele_frequency	p_value					beta	study total from GWAS Catalog	11289	11289
2020_Chen_Cell_BasophilCount_MULTI_mhiGWAMA	ok	effect_allele=reference_allele;n=n_samples;marker=rs_number			rs_number	reference_allele	other_allele	beta		se	eaf	p-value		z	n_samples		beta	per variant	3689	3689
2020_Chen_Cell_BasophilCount_SAS_GCST90002295	ok		chromosome	base_pair_location		effect_allele	other_allele	beta		standard_error	effect_allele_frequency	p_value					beta	study total from GWAS Catalog	10222	10222
2020_Chen_Cell_EosinophilCount_AFR_GCST90002297	ok		chromosome	base_pair_location		effect_allele	other_allele	beta		standard_error	effect_allele_frequency	p_value					beta	study total from GWAS Catalog	10669	10669
2020_Chen_Cell_EosinophilCount_AMR_GCST90002300	ok		chromosome	base_pair_location		effect_allele	other_allele	beta		standard_error	effect_allele_frequency	p_value					beta	study total from GWAS Catalog	10873	10873
2020_Chen_Cell_EosinophilCount_EAS_GCST90002299	ok		chromosome	base_pair_location		effect_allele	other_allele	beta		standard_error	effect_allele_frequency	p_value					beta	study total from GWAS Catalog	11428	11428
2020_Chen_Cell_EosinophilCount_EUR_GCST90002298	ok		chromosome	base_pair_location		effect_allele	other_allele	beta		standard_error	effect_allele_frequency	p_value					beta	study total from GWAS Catalog	11302	11302
2020_Chen_Cell_EosinophilCount_MULTI_mhiGWAMA	ok	effect_allele=reference_allele;n=n_samples;marker=rs_number			rs_number	reference_allele	other_allele	beta		se	eaf	p-value		z	n_samples		beta	per variant	3736	3736
2020_Chen_Cell_EosinophilCount_SAS_GCST90002301	ok		chromosome	base_pair_location		effect_allele	other_allele	beta		standard_error	effect_allele_frequency	p_value					beta	study total from GWAS Catalog	10184	10184
2020_Chen_Cell_Hematocrit_AFR_GCST90002303	ok		chromosome	base_pair_location		effect_allele	other_allele	beta		standard_error	effect_allele_frequency	p_value					beta	study total from GWAS Catalog	10681	10681
2020_Chen_Cell_Hematocrit_AMR_GCST90002306	ok		chromosome	base_pair_location		effect_allele	other_allele	beta		standard_error	effect_allele_frequency	p_value					beta	study total from GWAS Catalog	10717	10717
2020_Chen_Cell_Hematocrit_EAS_GCST90002305	ok		chromosome	base_pair_location		effect_allele	other_allele	beta		standard_error	effect_allele_frequency	p_value					beta	study total from GWAS Catalog	11512	11512
2020_Chen_Cell_Hematocrit_EUR_GCST90002304	ok		chromosome	base_pair_location		effect_allele	other_allele	beta		standard_error	effect_allele_frequency	p_value					beta	study total from GWAS Catalog	11256	11256
2020_Chen_Cell_Hematocrit_MULTI_mhiGWAMA	ok	effect_allele=reference_allele;n=n_samples;marker=rs_number			rs_number	reference_allele	other_allele	beta		se	eaf	p-value		z	n_samples		beta	per variant	3512	3512
2020_Chen_Cell_Hematocrit_SAS_GCST90002307	ok		chromosome	base_pair_location		effect_allele	other_allele	beta		standard_error	effect_allele_frequency	p_value					beta	study total from GWAS Catalog	10202	10202
2020_Chen_Cell_HemoglobinConcentration_AFR_GCST90002309	ok		chromosome	base_pair_location		effect_allele	other_allele	beta		standard_error	effect_allele_frequency	p_value					beta	study total from GWAS Catalog	10681	10681
2020_Chen_Cell_HemoglobinConcentration_AMR_GCST90002312	ok		chromosome	base_pair_location		effect_allele	other_allele	beta		standard_error	effect_allele_frequency	p_value					beta	study total from GWAS Catalog	10730	10730
2020_Chen_Cell_HemoglobinConcentration_EAS_GCST90002311	ok		chromosome	base_pair_location		effect_allele	other_allele	beta		standard_error	effect_allele_frequency	p_value					beta	study total from GWAS Catalog	11372	11372
2020_Chen_Cell_HemoglobinConcentration_EUR_GCST90002310	ok		chromosome	base_pair_location		effect_allele	other_allele	beta		standard_error	effect_allele_frequency	p_value					beta	study total from GWAS Catalog	11261	11261
2020_Chen_Cell_HemoglobinConcentration_MULTI_mhiGWAMA	ok	effect_allele=reference_allele;n=n_samples;marker=rs_number			rs_number	reference_allele	other_allele	beta		se	eaf	p-value		z	n_samples		beta	per variant	3482	3482
2020_Chen_Cell_HemoglobinConcentration_SAS_GCST90002313	ok		chromosome	base_pair_location		effect_allele	other_allele	beta		standard_error	effect_allele_frequency	p_value					beta	study total from GWAS Catalog	10208	10208
2020_Chen_Cell_LymphocyteCount_AFR_GCST90002315	ok		chromosome	base_pair_location		effect_allele	other_allele	beta		standard_error	effect_allele_frequency	p_value					beta	study total from GWAS Catalog	10713	10713
2020_Chen_Cell_LymphocyteCount_AMR_GCST90002318	ok		chromosome	base_pair_location		effect_allele	other_allele	beta		standard_error	effect_allele_frequency	p_value					beta	study total from GWAS Catalog	10711	10711
2020_Chen_Cell_LymphocyteCount_EAS_GCST90002317	ok		chromosome	base_pair_location		effect_allele	other_allele	beta		standard_error	effect_allele_frequency	p_value					beta	study total from GWAS Catalog	11448	11448
2020_Chen_Cell_LymphocyteCount_EUR_GCST90002316	ok		chromosome	base_pair_location		effect_allele	other_allele	beta		standard_error	effect_allele_frequency	p_value					beta	study total from GWAS Catalog	11382	11382
2020_Chen_Cell_LymphocyteCount_MULTI_mhiGWAMA	ok	effect_allele=reference_allele;n=n_samples;marker=rs_number			rs_number	reference_allele	other_allele	beta		se	eaf	p-value		z	n_samples		beta	per variant	3610	3610
2020_Chen_Cell_LymphocyteCount_SAS_GCST90002319	ok		chromosome	base_pair_location		effect_allele	other_allele	beta		standard_error	effect_allele_frequency	p_value					beta	study total from GWAS Catalog	10219	10219
2020_Chen_Cell_MeanCorpuscularHemoglobinConcentration_AFR_GCST90002327	ok		chromosome	base_pair_location		effect_allele	other_allele	beta		standard_error	effect_allele_frequency	p_value					beta	study total from GWAS Catalog	10662	10662
2020_Chen_Cell_MeanCorpuscularHemoglobinConcentration_AMR_GCST90002330	ok		chromosome	base_pair_location		effect_allele	other_allele	beta		standard_error	effect_allele_frequency	p_value					beta	study total from GWAS Catalog	10907	10907
2020_Chen_Cell_MeanCorpuscularHemoglobinConcentration_EAS_GCST90002329	ok		chromosome	base_pair_location		effect_allele	other_allele	beta		standard_error	effect_allele_frequency	p_value					beta	study total from GWAS Catalog	11495	11495
2020_Chen_Cell_MeanCorpuscularHemoglobinConcentration_EUR_GCST90002328	ok		chromosome	base_pair_location		effect_allele	other_allele	beta		standard_error	effect_allele_frequency	p_value					beta	study total from GWAS Catalog	11200	11200
2020_Chen_Cell_MeanCorpuscularHemoglobinConcentration_MULTI_mhiGWAMA	ok	effect_allele=reference_allele;n=n_samples;marker=rs_number			rs_number	reference_allele	other_allele	beta		se	eaf	p-value		z	n_samples		beta	per variant	3591	3591
2020_Chen_Cell_MeanCorpuscularHemoglobinConcentration_SAS_GCST90002331	ok		chromosome	base_pair_location		effect_allele	other_allele	beta		standard_error	effect_allele_frequency	p_value					beta	study total from GWAS Catalog	10217	10217
2020_Chen_Cell_MeanCorpuscularHemoglobin_AFR_GCST90002321	ok		chromosome	base_pair_location		effect_allele	other_allele	beta		standard_error	effect_allele_frequency	p_value					beta	study total from GWAS Catalog	10681	10681
2020_Chen_Cell_MeanCorpuscularHemoglobin_AMR_GCST90002324	ok		chromosome	base_pair_location		effect_allele	other_allele	beta		standard_error	effect_allele_frequency	p_value					beta	study total from GWAS Catalog	10904	10904
2020_Chen_Cell_MeanCorpuscularHemoglobin_EAS_GCST90002323	ok		chromosome	base_pair_location		effect_allele	other_allele	beta		standard_error	effect_allele_frequency	p_value					beta	study total from GWAS Catalog	11526	11526
2020_Chen_Cell_MeanCorpuscularHemoglobin_EUR_GCST90002322	ok		chromosome	base_pair_location		effect_allele	other_allele	beta		standard_error	effect_allele_frequency	p_value					beta	study total from GWAS Catalog	11266	11266
2020_Chen_Cell_MeanCorpuscularHemoglobin_MULTI_mhiGWAMA	ok	effect_allele=reference_allele;n=n_samples;marker=rs_number			rs_number	reference_allele	other_allele	beta		se	eaf	p-value		z	n_samples		beta	per variant	3567	3567
2020_Chen_Cell_MeanCorpuscularHemoglobin_SAS_GCST90002325	ok		chromosome	base_pair_location		effect_allele	other_allele	beta		standard_error	effect_allele_frequency	p_value					beta	study total from GWAS Catalog	10223	10223
2020_Chen_Cell_MeanCorpuscularVolume_AFR_GCST90002333	ok		chromosome	base_pair_location		effect_allele	other_allele	beta		standard_error	effect_allele_frequency	p_value					beta	study total from GWAS Catalog	10690	10690
2020_Chen_Cell_MeanCorpuscularVolume_AMR_GCST90002336	ok		chromosome	base_pair_location		effect_allele	other_allele	beta		standard_error	effect_allele_frequency	p_value					beta	study total from GWAS Catalog	10731	10731
2020_Chen_Cell_MeanCorpuscularVolume_EAS_GCST90002335	ok		chromosome	base_pair_location		effect_allele	other_allele	beta		standard_error	effect_allele_frequency	p_value					beta	study total from GWAS Catalog	11533	11533
2020_Chen_Cell_MeanCorpuscularVolume_EUR_GCST90002334	ok		chromosome	base_pair_location		effect_allele	other_allele	beta		standard_error	effect_allele_frequency	p_value					beta	study total from GWAS Catalog	11282	11282
2020_Chen_Cell_MeanCorpuscularVolume_MULTI_mhiGWAMA	ok	effect_allele=reference_allele;n=n_samples;marker=rs_number			rs_number	reference_allele	other_allele	beta		se	eaf	p-value		z	n_samples		beta	per variant	3509	3509
2020_Chen_Cell_MeanCorpuscularVolume_SAS_GCST90002337	ok		chromosome	base_pair_location		effect_allele	other_allele	beta		standard_error	effect_allele_frequency	p_value					beta	study total from GWAS Catalog	10237	10237
2020_Chen_Cell_MeanPlateletVolume_AFR_GCST90002345	ok		chromosome	base_pair_location		effect_allele	other_allele	beta		standard_error	effect_allele_frequency	p_value					beta	study total from GWAS Catalog	10683	10683
2020_Chen_Cell_MeanPlateletVolume_AMR_GCST90002347	ok		chromosome	base_pair_location		effect_allele	other_allele	beta		standard_error	effect_allele_frequency	p_value					beta	study total from GWAS Catalog	12029	12029
2020_Chen_Cell_MeanPlateletVolume_EUR_GCST90002346	ok		chromosome	base_pair_location		effect_allele	other_allele	beta		standard_error	effect_allele_frequency	p_value					beta	study total from GWAS Catalog	11080	11080
2020_Chen_Cell_MeanPlateletVolume_MULTI_mhiGWAMA	ok	effect_allele=reference_allele;n=n_samples;marker=rs_number			rs_number	reference_allele	other_allele	beta		se	eaf	p-value		z	n_samples		beta	per variant	3719	3719
2020_Chen_Cell_MeanPlateletVolume_SAS_GCST90002348	ok		chromosome	base_pair_location		effect_allele	other_allele	beta		standard_error	effect_allele_frequency	p_value					beta	study total from GWAS Catalog	10207	10207
2020_Chen_Cell_MonocyteCount_AFR_GCST90002339	ok		chromosome	base_pair_location		effect_allele	other_allele	beta		standard_error	effect_allele_frequency	p_value					beta	study total from GWAS Catalog	10697	10697
2020_Chen_Cell_MonocyteCount_AMR_GCST90002342	ok		chromosome	base_pair_location		effect_allele	other_allele	beta		standard_error	effect_allele_frequency	p_value					beta	study total from GWAS Catalog	10708	10708
2020_Chen_Cell_MonocyteCount_EAS_GCST90002341	ok		chromosome	base_pair_location		effect_allele	other_allele	beta		standard_error	effect_allele_frequency	p_value					beta	study total from GWAS Catalog	11440	11440
2020_Chen_Cell_MonocyteCount_EUR_GCST90002340	ok		chromosome	base_pair_location		effect_allele	other_allele	beta		standard_error	effect_allele_frequency	p_value					beta	study total from GWAS Catalog	11366	11366
2020_Chen_Cell_MonocyteCount_MULTI_mhiGWAMA	ok	effect_allele=reference_allele;n=n_samples;marker=rs_number			rs_number	reference_allele	other_allele	beta		se	eaf	p-value		z	n_samples		beta	per variant	3588	3588
2020_Chen_Cell_MonocyteCount_SAS_GCST90002343	ok		chromosome	base_pair_location		effect_allele	other_allele	beta		standard_error	effect_allele_frequency	p_value					beta	study total from GWAS Catalog	10222	10222
2020_Chen_Cell_NeutrophilCount_AFR_GCST90002350	ok		chromosome	base_pair_location		effect_allele	other_allele	beta		standard_error	effect_allele_frequency	p_value					beta	study total from GWAS Catalog	10721	10721
2020_Chen_Cell_NeutrophilCount_AMR_GCST90002353	ok		chromosome	base_pair_location		effect_allele	other_allele	beta		standard_error	effect_allele_frequency	p_value					beta	study total from GWAS Catalog	10702	10702
2020_Chen_Cell_NeutrophilCount_EAS_GCST90002352	ok		chromosome	base_pair_location		effect_allele	other_allele	beta		standard_error	effect_allele_frequency	p_value					beta	study total from GWAS Catalog	11400	11400
2020_Chen_Cell_NeutrophilCount_EUR_GCST90002351	ok		chromosome	base_pair_location		effect_allele	other_allele	beta		standard_error	effect_allele_frequency	p_value					beta	study total from GWAS Catalog	11350	11350
2020_Chen_Cell_NeutrophilCount_MULTI_mhiGWAMA	ok	effect_allele=reference_allele;n=n_samples;marker=rs_number			rs_number	reference_allele	other_allele	beta		se	eaf	p-value		z	n_samples		beta	per variant	3640	3640
2020_Chen_Cell_NeutrophilCount_SAS_GCST90002354	ok		chromosome	base_pair_location		effect_allele	other_allele	beta		standard_error	effect_allele_frequency	p_value					beta	study total from GWAS Catalog	10213	10213
2020_Chen_Cell_PlateletCount_AFR_GCST90002356	ok		chromosome	base_pair_location		effect_allele	other_allele	beta		standard_error	effect_allele_frequency	p_value					beta	study total from GWAS Catalog	10691	10691
2020_Chen_Cell_PlateletCount_AMR_GCST90002359	ok		chromosome	base_pair_location		effect_allele	other_allele	beta		standard_error	effect_allele_frequency	p_value					beta	study total from GWAS Catalog	10721	10721
2020_Chen_Cell_PlateletCount_EAS_GCST90002358	ok		chromosome	base_pair_location		effect_allele	other_allele	beta		standard_error	effect_allele_frequency	p_value					beta	study total from GWAS Catalog	11369	11369
2020_Chen_Cell_PlateletCount_EUR_GCST90002357	ok		chromosome	base_pair_location		effect_allele	other_allele	beta		standard_error	effect_allele_frequency	p_value					beta	study total from GWAS Catalog	11254	11254
2020_Chen_Cell_PlateletCount_MULTI_mhiGWAMA	ok	effect_allele=reference_allele;n=n_samples;marker=rs_number			rs_number	reference_allele	other_allele	beta		se	eaf	p-value		z	n_samples		beta	per variant	3462	3462
2020_Chen_Cell_PlateletCount_SAS_GCST90002360	ok		chromosome	base_pair_location		effect_allele	other_allele	beta		standard_error	effect_allele_frequency	p_value					beta	study total from GWAS Catalog	10209	10209
2020_Chen_Cell_RedBloodCellCount_AFR_GCST90002362	ok		chromosome	base_pair_location		effect_allele	other_allele	beta		standard_error	effect_allele_frequency	p_value					beta	study total from GWAS Catalog	10700	10700
2020_Chen_Cell_RedBloodCellCount_AMR_GCST90002365	ok		chromosome	base_pair_location		effect_allele	other_allele	beta		standard_error	effect_allele_frequency	p_value					beta	study total from GWAS Catalog	10715	10715
2020_Chen_Cell_RedBloodCellCount_EAS_GCST90002364	ok		chromosome	base_pair_location		effect_allele	other_allele	beta		standard_error	effect_allele_frequency	p_value					beta	study total from GWAS Catalog	11357	11357
2020_Chen_Cell_RedBloodCellCount_EUR_GCST90002363	ok		chromosome	base_pair_location		effect_allele	other_allele	beta		standard_error	effect_allele_frequency	p_value					beta	study total from GWAS Catalog	11258	11258
2020_Chen_Cell_RedBloodCellCount_MULTI_mhiGWAMA	ok	effect_allele=reference_allele;n=n_samples;marker=rs_number			rs_number	reference_allele	other_allele	beta		se	eaf	p-value		z	n_samples		beta	per variant	3494	3494
2020_Chen_Cell_RedBloodCellCount_SAS_GCST90002366	ok		chromosome	base_pair_location		effect_allele	other_allele	beta		standard_error	effect_allele_frequency	p_value					beta	study total from GWAS Catalog	10227	10227
2020_Chen_Cell_RedCellDistributionWidth_AFR_GCST90002368	ok		chromosome	base_pair_location		effect_allele	other_allele	beta		standard_error	effect_allele_frequency	p_value					beta	study total from GWAS Catalog	10679	10679
2020_Chen_Cell_RedCellDistributionWidth_AMR_GCST90002370	ok		chromosome	base_pair_location		effect_allele	other_allele	beta		standard_error	effect_allele_frequency	p_value					beta	study total from GWAS Catalog	10735	10735
2020_Chen_Cell_RedCellDistributionWidth_EUR_GCST90002369	ok		chromosome	base_pair_location		effect_allele	other_allele	beta		standard_error	effect_allele_frequency	p_value					beta	study total from GWAS Catalog	11076	11076
2020_Chen_Cell_RedCellDistributionWidth_MULTI_mhiGWAMA	ok	effect_allele=reference_allele;n=n_samples;marker=rs_number			rs_number	reference_allele	other_allele	beta		se	eaf	p-value		z	n_samples		beta	per variant	3639	3639
2020_Chen_Cell_RedCellDistributionWidth_SAS_GCST90002371	ok		chromosome	base_pair_location		effect_allele	other_allele	beta		standard_error	effect_allele_frequency	p_value					beta	study total from GWAS Catalog	10213	10213
2020_Chen_Cell_WhiteBloodCellCount_AFR_GCST90002373	ok		chromosome	base_pair_location		effect_allele	other_allele	beta		standard_error	effect_allele_frequency	p_value					beta	study total from GWAS Catalog	10703	10703
2020_Chen_Cell_WhiteBloodCellCount_AMR_GCST90002376	ok		chromosome	base_pair_location		effect_allele	other_allele	beta		standard_error	effect_allele_frequency	p_value					beta	study total from GWAS Catalog	10730	10730
2020_Chen_Cell_WhiteBloodCellCount_EAS_GCST90002375	ok		chromosome	base_pair_location		effect_allele	other_allele	beta		standard_error	effect_allele_frequency	p_value					beta	study total from GWAS Catalog	11367	11367
2020_Chen_Cell_WhiteBloodCellCount_EUR_GCST90002374	ok		chromosome	base_pair_location		effect_allele	other_allele	beta		standard_error	effect_allele_frequency	p_value					beta	study total from GWAS Catalog	11244	11244
2020_Chen_Cell_WhiteBloodCellCount_MULTI_mhiGWAMA	ok	effect_allele=reference_allele;n=n_samples;marker=rs_number			rs_number	reference_allele	other_allele	beta		se	eaf	p-value		z	n_samples		beta	per variant	3464	3464
2020_Chen_Cell_WhiteBloodCellCount_SAS_GCST90002377	ok		chromosome	base_pair_location		effect_allele	other_allele	beta		standard_error	effect_allele_frequency	p_value					beta	study total from GWAS Catalog	10197	10197
2020_Manousaki_AJHG_25OHD_EUR_GCST010144	ok		chromosome	base_pair_location		effect_allele	other_allele	beta		standard_error	effect_allele_frequency	p_value			sample_size		beta	per variant	9920	9920
2020_Ruth_NatMed_BioavailableTestosterone_EUR-F_GCST90012102	ok		chromosome	base_pair_location		effect_allele	other_allele	beta		standard_error	effect_allele_frequency	p_value				variant_id	beta	study total from GWAS Catalog	7426	7426
2020_Ruth_NatMed_BioavailableTestosterone_EUR-M_GCST90012103	ok		chromosome	base_pair_location		effect_allele	other_allele	beta		standard_error	effect_allele_frequency	p_value				variant_id	beta	study total from GWAS Catalog	7432	7432
2020_Ruth_NatMed_BioavailableTestosterone_EUR_GCST90012104	ok		chromosome	base_pair_location		effect_allele	other_allele	beta		standard_error	effect_allele_frequency	p_value				variant_id	beta	study total from GWAS Catalog	7430	7430
2020_Ruth_NatMed_Oestradiol_EUR-M_GCST90012105	ok		chromosome	base_pair_location		effect_allele	other_allele	beta		standard_error	effect_allele_frequency	p_value				variant_id	beta	study total from GWAS Catalog	7418	7418
2020_Ruth_NatMed_SHBG_EUR-F_GCST90012107	ok		chromosome	base_pair_location		effect_allele	other_allele	beta		standard_error	effect_allele_frequency	p_value				variant_id	beta	study total from GWAS Catalog	7436	7436
2020_Ruth_NatMed_SHBG_EUR-M_GCST90012109	ok		chromosome	base_pair_location		effect_allele	other_allele	beta		standard_error	effect_allele_frequency	p_value				variant_id	beta	study total from GWAS Catalog	7420	7420
2020_Ruth_NatMed_SHBG_EUR_GCST90012111	ok		chromosome	base_pair_location		effect_allele	other_allele	beta		standard_error	effect_allele_frequency	p_value				variant_id	beta	study total from GWAS Catalog	7425	7425
2020_Ruth_NatMed_SHBGadjBMI_EUR-F_GCST90012106	ok		chromosome	base_pair_location		effect_allele	other_allele	beta		standard_error	effect_allele_frequency	p_value				variant_id	beta	study total from GWAS Catalog	7432	7432
2020_Ruth_NatMed_SHBGadjBMI_EUR-M_GCST90012108	ok		chromosome	base_pair_location		effect_allele	other_allele	beta		standard_error	effect_allele_frequency	p_value				variant_id	beta	study total from GWAS Catalog	7420	7420
2020_Ruth_NatMed_SHBGadjBMI_EUR_GCST90012110	ok		chromosome	base_pair_location		effect_allele	other_allele	beta		standard_error	effect_allele_frequency	p_value				variant_id	beta	study total from GWAS Catalog	7405	7405
2020_Ruth_NatMed_TotalTestosterone_EUR-F_GCST90012112	ok		chromosome	base_pair_location		effect_allele	other_allele	beta		standard_error	effect_allele_frequency	p_value				variant_id	beta	study total from GWAS Catalog	7425	7425
2020_Ruth_NatMed_TotalTestosterone_EUR-M_GCST90012113	ok		chromosome	base_pair_location		effect_allele	other_allele	beta		standard_error	effect_allele_frequency	p_value				variant_id	beta	study total from GWAS Catalog	7415	7415
2020_Ruth_NatMed_TotalTestosterone_EUR_GCST90012114	ok		chromosome	base_pair_location		effect_allele	other_allele	beta		standard_error	effect_allele_frequency	p_value				variant_id	beta	study total from GWAS Catalog	7424	7424
2020_Vuckovic_Cell_BasophilPercentageOfWhiteCells_EUR_GCST90002380	ok		chromosome	base_pair_location		effect_allele	other_allele	beta		standard_error	effect_allele_frequency	p_value	MLOG10P			variant_id	beta	study total from GWAS Catalog	1209	1209
2020_Vuckovic_Cell_EosinophilPercentageOfWhiteCells_EUR_GCST90002382	ok		chromosome	base_pair_location		effect_allele	other_allele	beta		standard_error	effect_allele_frequency	p_value	MLOG10P			variant_id	beta	study total from GWAS Catalog	1186	1186
2020_Vuckovic_Cell_HighLightScatterReticulocyteCount_EUR_GCST90002385	ok		chromosome	base_pair_location		effect_allele	other_allele	beta		standard_error	effect_allele_frequency	p_value	MLOG10P			variant_id	beta	study total from GWAS Catalog	1186	1186
2020_Vuckovic_Cell_HighLightScatterReticulocytePercentageOfRedCells_EUR_GCST90002386	ok		chromosome	base_pair_location		effect_allele	other_allele	beta		standard_error	effect_allele_frequency	p_value	MLOG10P			variant_id	beta	study total from GWAS Catalog	1185	1185
2020_Vuckovic_Cell_ImmatureFractionOfReticulocytes_EUR_GCST90002387	ok		chromosome	base_pair_location		effect_allele	other_allele	beta		standard_error	effect_allele_frequency	p_value	MLOG10P			variant_id	beta	study total from GWAS Catalog	1186	1186
2020_Vuckovic_Cell_LymphocytePercentageOfWhiteCells_EUR_GCST90002389	ok		chromosome	base_pair_location		effect_allele	other_allele	beta		standard_error	effect_allele_frequency	p_value	MLOG10P			variant_id	beta	study total from GWAS Catalog	1206	1206
2020_Vuckovic_Cell_MeanReticulocyteVolume_EUR_GCST90002396	ok		chromosome	base_pair_location		effect_allele	other_allele	beta		standard_error	effect_allele_frequency	p_value	MLOG10P			variant_id	beta	study total from GWAS Catalog	1187	1187
2020_Vuckovic_Cell_MeanSphericCorpuscularVolume_EUR_GCST90002397	ok		chromosome	base_pair_location		effect_allele	other_allele	beta		standard_error	effect_allele_frequency	p_value	MLOG10P			variant_id	beta	study total from GWAS Catalog	1185	1185
2020_Vuckovic_Cell_MonocytePercentageOfWhiteCells_EUR_GCST90002394	ok		chromosome	base_pair_location		effect_allele	other_allele	beta		standard_error	effect_allele_frequency	p_value	MLOG10P			variant_id	beta	study total from GWAS Catalog	1166	1166
2020_Vuckovic_Cell_NeutrophilPercentageOfWhiteCells_EUR_GCST90002399	ok		chromosome	base_pair_location		effect_allele	other_allele	beta		standard_error	effect_allele_frequency	p_value	MLOG10P			variant_id	beta	study total from GWAS Catalog	1183	1183
2020_Vuckovic_Cell_PlateletDistributionWidth_EUR_GCST90002401	ok		chromosome	base_pair_location		effect_allele	other_allele	beta		standard_error	effect_allele_frequency	p_value	MLOG10P			variant_id	beta	study total from GWAS Catalog	1187	1187
2020_Vuckovic_Cell_Plateletcrit_EUR_GCST90002400	ok		chromosome	base_pair_location		effect_allele	other_allele	beta		standard_error	effect_allele_frequency	p_value	MLOG10P			variant_id	beta	study total from GWAS Catalog	1186	1186
2020_Vuckovic_Cell_RedCellDistributionWidth_EUR_GCST90002404	ok		chromosome	base_pair_location		effect_allele	other_allele	beta		standard_error	effect_allele_frequency	p_value	MLOG10P			variant_id	beta	study total from GWAS Catalog	1186	1186
2020_Vuckovic_Cell_ReticulocyteCount_EUR_GCST90002405	ok		chromosome	base_pair_location		effect_allele	other_allele	beta		standard_error	effect_allele_frequency	p_value	MLOG10P			variant_id	beta	study total from GWAS Catalog	1186	1186
2020_Vuckovic_Cell_ReticulocyteFractionOfRedCells_EUR_GCST90002406	ok		chromosome	base_pair_location		effect_allele	other_allele	beta		standard_error	effect_allele_frequency	p_value	MLOG10P			variant_id	beta	study total from GWAS Catalog	1185	1185
2021_Chen_NatGenet_2hGlucose_AFR_GCST90002225	ok		chromosome	base_pair_location		effect_allele	other_allele	beta		standard_error	effect_allele_frequency	p_value			sample_size		beta	per variant	14068	13255
2021_Chen_NatGenet_2hGlucose_AMR_GCST90002228	ok		chromosome	base_pair_location		effect_allele	other_allele	beta		standard_error	effect_allele_frequency	p_value			sample_size		beta	per variant	15282	14460
2021_Chen_NatGenet_2hGlucose_EAS_GCST90002226	ok		chromosome	base_pair_location		effect_allele	other_allele	beta		standard_error	effect_allele_frequency	p_value			sample_size		beta	per variant	15094	13868
2021_Chen_NatGenet_2hGlucose_EUR_GCST90002227	ok		chromosome	base_pair_location		effect_allele	other_allele	beta		standard_error	effect_allele_frequency	p_value			sample_size		beta	per variant	13424	12412
2021_Chen_NatGenet_FastingGlucose_AFR_GCST90002230	ok		chromosome	base_pair_location		effect_allele	other_allele	beta		standard_error	effect_allele_frequency	p_value			sample_size		beta	per variant	13967	13278
2021_Chen_NatGenet_FastingGlucose_AMR_GCST90002233	ok		chromosome	base_pair_location		effect_allele	other_allele	beta		standard_error	effect_allele_frequency	p_value			sample_size		beta	per variant	14874	14160
2021_Chen_NatGenet_FastingGlucose_EAS_GCST90002231	ok		chromosome	base_pair_location		effect_allele	other_allele	beta		standard_error	effect_allele_frequency	p_value			sample_size		beta	per variant	14173	13191
2021_Chen_NatGenet_FastingGlucose_EUR_GCST90002232	ok		chromosome	base_pair_location		effect_allele	other_allele	beta		standard_error	effect_allele_frequency	p_value			sample_size		beta	per variant	13569	12632
2021_Chen_NatGenet_FastingGlucose_SAS_GCST90002234	ok		chromosome	base_pair_location		effect_allele	other_allele	beta		standard_error	effect_allele_frequency	p_value			sample_size		beta	per variant	14128	12938
2021_Chen_NatGenet_FastingInsulin_AFR_GCST90002236	ok		chromosome	base_pair_location		effect_allele	other_allele	beta		standard_error	effect_allele_frequency	p_value			sample_size		beta	per variant	13522	12822
2021_Chen_NatGenet_FastingInsulin_AMR_GCST90002239	ok		chromosome	base_pair_location		effect_allele	other_allele	beta		standard_error	effect_allele_frequency	p_value			sample_size		beta	per variant	15000	14238
2021_Chen_NatGenet_FastingInsulin_EAS_GCST90002237	ok		chromosome	base_pair_location		effect_allele	other_allele	beta		standard_error	effect_allele_frequency	p_value			sample_size		beta	per variant	14284	13297
2021_Chen_NatGenet_FastingInsulin_EUR_GCST90002238	ok		chromosome	base_pair_location		effect_allele	other_allele	beta		standard_error	effect_allele_frequency	p_value			sample_size		beta	per variant	13589	12623
2021_Chen_NatGenet_FastingInsulin_SAS_GCST90002240	ok		chromosome	base_pair_location		effect_allele	other_allele	beta		standard_error	effect_allele_frequency	p_value			sample_size		beta	per variant	14153	12948
2021_Crawford_JHumGenet_MorningCortisol_EUR_DataShare3836	ok	effect_allele=Allele1;other_allele=Allele2;effect_allele_frequency=Freq1	Chromosome	Position		Allele1	Allele2	Effect		StdErr	Freq1	Pval			N	SNP	beta	per variant	1612	1612
2021_Damotte_AlzDement_PlasmaAbeta_EUR_GCST011941	ok		chromosome	base_pair_location		effect_allele	other_allele	beta		standard_error	effect_allele_frequency	p_value			N		beta	per variant	10812	10812
2021_Damotte_AlzDement_PlasmaAbeta_EUR_GCST011942	ok		chromosome	base_pair_location		effect_allele	other_allele	beta		standard_error	effect_allele_frequency	p_value			N		beta	per variant	10812	10812
2021_Damotte_AlzDement_PlasmaAbeta_EUR_GCST011943	ok		chromosome	base_pair_location		effect_allele	other_allele	beta		standard_error	effect_allele_frequency	p_value			N		beta	per variant	10817	10817
2021_Graham_Nature_HDLC_AFR_GCST90239650	ok		chromosome	base_pair_location		effect_allele	other_allele	beta		standard_error	effect_allele_frequency	p_value			n	rsid	beta	per variant	4401	4401
2021_Graham_Nature_HDLC_AMR_GCST90239653	ok		chromosome	base_pair_location		effect_allele	other_allele	beta		standard_error	effect_allele_frequency	p_value			n	variant_id	beta	per variant	2873	2869
2021_Graham_Nature_HDLC_EAS_GCST90239651	ok		chromosome	base_pair_location		effect_allele	other_allele	beta		standard_error	effect_allele_frequency	p_value			n	variant_id	beta	per variant	2847	2838
2021_Graham_Nature_HDLC_EUR_GCST90239652	ok		chromosome	base_pair_location		effect_allele	other_allele	beta		standard_error	effect_allele_frequency	p_value			n	rsid	beta	per variant	4235	4235
2021_Graham_Nature_HDLC_MULTI_GCST90239649	ok		chromosome	base_pair_location		effect_allele	other_allele	beta		standard_error	effect_allele_frequency	p_value			n	variant_id	beta	per variant	3136	3128
2021_Graham_Nature_HDLC_SAS_GCST90239654	ok		chromosome	base_pair_location		effect_allele	other_allele	beta		standard_error	effect_allele_frequency	p_value			n	variant_id	beta	per variant	2888	2885
2021_Graham_Nature_LDLC_AFR_GCST90239656	ok		chromosome	base_pair_location		effect_allele	other_allele	beta		standard_error	effect_allele_frequency	p_value			n	variant_id	beta	per variant	2867	2865
2021_Graham_Nature_LDLC_AMR_GCST90239659	ok		chromosome	base_pair_location		effect_allele	other_allele	beta		standard_error	effect_allele_frequency	p_value			n	variant_id	beta	per variant	2871	2867
2021_Graham_Nature_LDLC_EAS_GCST90239657	ok		chromosome	base_pair_location		effect_allele	other_allele	beta		standard_error	effect_allele_frequency	p_value			n	variant_id	beta	per variant	2859	2850
2021_Graham_Nature_LDLC_EUR_GCST90239658	ok		chromosome	base_pair_location		effect_allele	other_allele	beta		standard_error	effect_allele_frequency	p_value			n	variant_id	beta	per variant	2813	2784
2021_Graham_Nature_LDLC_MULTI_GCST90239655	ok		chromosome	base_pair_location		effect_allele	other_allele	beta		standard_error	effect_allele_frequency	p_value			n	variant_id	beta	per variant	3137	3129
2021_Graham_Nature_LDLC_SAS_GCST90239660	ok		chromosome	base_pair_location		effect_allele	other_allele	beta		standard_error	effect_allele_frequency	p_value			n	variant_id	beta	per variant	2887	2884
2021_Graham_Nature_NonHDLC_AFR_GCST90239668	ok		chromosome	base_pair_location		effect_allele	other_allele	beta		standard_error	effect_allele_frequency	p_value			n	variant_id	beta	per variant	2901	2901
2021_Graham_Nature_NonHDLC_AMR_GCST90239671	ok		chromosome	base_pair_location		effect_allele	other_allele	beta		standard_error	effect_allele_frequency	p_value			n	variant_id	beta	per variant	2902	2897
2021_Graham_Nature_NonHDLC_EAS_GCST90239669	ok		chromosome	base_pair_location		effect_allele	other_allele	beta		standard_error	effect_allele_frequency	p_value			n	variant_id	beta	per variant	2847	2838
2021_Graham_Nature_NonHDLC_EUR_GCST90239670	ok		chromosome	base_pair_location		effect_allele	other_allele	beta		standard_error	effect_allele_frequency	p_value			n	variant_id	beta	per variant	2806	2801
2021_Graham_Nature_NonHDLC_MULTI_GCST90239667	ok		chromosome	base_pair_location		effect_allele	other_allele	beta		standard_error	effect_allele_frequency	p_value			n	variant_id	beta	per variant	3141	3132
2021_Graham_Nature_NonHDLC_SAS_GCST90239672	ok		chromosome	base_pair_location		effect_allele	other_allele	beta		standard_error	effect_allele_frequency	p_value			n	variant_id	beta	per variant	2885	2882
2021_Graham_Nature_TotalCholesterol_AFR_GCST90239674	ok		chromosome	base_pair_location		effect_allele	other_allele	beta		standard_error	effect_allele_frequency	p_value			n	variant_id	beta	per variant	2865	2863
2021_Graham_Nature_TotalCholesterol_AMR_GCST90239677	ok		chromosome	base_pair_location		effect_allele	other_allele	beta		standard_error	effect_allele_frequency	p_value			n	variant_id	beta	per variant	2868	2864
2021_Graham_Nature_TotalCholesterol_EAS_GCST90239675	ok		chromosome	base_pair_location		effect_allele	other_allele	beta		standard_error	effect_allele_frequency	p_value			n	variant_id	beta	per variant	2835	2826
2021_Graham_Nature_TotalCholesterol_EUR_GCST90239676	ok		chromosome	base_pair_location		effect_allele	other_allele	beta		standard_error	effect_allele_frequency	p_value			n	variant_id	beta	per variant	2809	2804
2021_Graham_Nature_TotalCholesterol_MULTI_GCST90239673	ok		chromosome	base_pair_location		effect_allele	other_allele	beta		standard_error	effect_allele_frequency	p_value			n	variant_id	beta	per variant	3134	3126
2021_Graham_Nature_TotalCholesterol_SAS_GCST90239678	ok		chromosome	base_pair_location		effect_allele	other_allele	beta		standard_error	effect_allele_frequency	p_value			n	variant_id	beta	per variant	2889	2886
2021_Graham_Nature_Triglycerides_AFR_GCST90239662	ok		chromosome	base_pair_location		effect_allele	other_allele	beta		standard_error	effect_allele_frequency	p_value			n	variant_id	beta	per variant	2871	2869
2021_Graham_Nature_Triglycerides_AMR_GCST90239665	ok		chromosome	base_pair_location		effect_allele	other_allele	beta		standard_error	effect_allele_frequency	p_value			n	variant_id	beta	per variant	2868	2864
2021_Graham_Nature_Triglycerides_EAS_GCST90239663	ok		chromosome	base_pair_location		effect_allele	other_allele	beta		standard_error	effect_allele_frequency	p_value			n	variant_id	beta	per variant	2854	2845
2021_Graham_Nature_Triglycerides_EUR_GCST90239664	ok		chromosome	base_pair_location		effect_allele	other_allele	beta		standard_error	effect_allele_frequency	p_value			n	variant_id	beta	per variant	2815	2786
2021_Graham_Nature_Triglycerides_MULTI_GCST90239661	ok		chromosome	base_pair_location		effect_allele	other_allele	beta		standard_error	effect_allele_frequency	p_value			n	variant_id	beta	per variant	3138	3130
2021_Graham_Nature_Triglycerides_SAS_GCST90239666	ok		chromosome	base_pair_location		effect_allele	other_allele	beta		standard_error	effect_allele_frequency	p_value			n	variant_id	beta	per variant	2882	2879
2021_Moksnes_HMG_CardiacTroponinI_EUR_DataverseNO-NJXV9U	ok	effect_allele=Allele1;other_allele=Allele2;effect_allele_frequency=Freq1			MarkerName	Allele1	Allele2	Effect		StdErr	Freq1	P-value					beta	none	2233	2233
2021_Sakaue_NatGenet_ALP_EAS_GCST90018722	ok		chromosome	base_pair_location		effect_allele	other_allele	beta		standard_error	effect_allele_frequency	p_value					beta	study total from GWAS Catalog	10903	10903
2021_Sakaue_NatGenet_ALP_MULTI_GCST90018942	ok		chromosome	base_pair_location		effect_allele	other_allele	beta		standard_error	effect_allele_frequency	p_value					beta	study total from GWAS Catalog	11977	11977
2021_Sakaue_NatGenet_Calcium_EAS_GCST90018731	ok		chromosome	base_pair_location		effect_allele	other_allele	beta		standard_error	effect_allele_frequency	p_value					beta	study total from GWAS Catalog	10929	10929
2021_Sakaue_NatGenet_Calcium_MULTI_GCST90018951	ok		chromosome	base_pair_location		effect_allele	other_allele	beta		standard_error	effect_allele_frequency	p_value					beta	study total from GWAS Catalog	11980	11980
2021_Sakaue_NatGenet_GGT_EAS_GCST90018734	ok		chromosome	base_pair_location		effect_allele	other_allele	beta		standard_error	effect_allele_frequency	p_value					beta	study total from GWAS Catalog	10913	10913
2021_Sakaue_NatGenet_GGT_MULTI_GCST90018954	ok		chromosome	base_pair_location		effect_allele	other_allele	beta		standard_error	effect_allele_frequency	p_value					beta	study total from GWAS Catalog	11964	11964
2021_Sakaue_NatGenet_TotalBilirubin_EAS_GCST90018753	ok		chromosome	base_pair_location		effect_allele	other_allele	beta		standard_error	effect_allele_frequency	p_value					beta	study total from GWAS Catalog	10913	10913
2021_Sakaue_NatGenet_TotalBilirubin_MULTI_GCST90018973	ok		chromosome	base_pair_location		effect_allele	other_allele	beta		standard_error	effect_allele_frequency	p_value					beta	study total from GWAS Catalog	12156	12156
2021_Sakaue_NatGenet_TotalProtein_EAS_GCST90018756	ok		chromosome	base_pair_location		effect_allele	other_allele	beta		standard_error	effect_allele_frequency	p_value					beta	study total from GWAS Catalog	10904	10904
2021_Sakaue_NatGenet_TotalProtein_MULTI_GCST90018976	ok		chromosome	base_pair_location		effect_allele	other_allele	beta		standard_error	effect_allele_frequency	p_value					beta	study total from GWAS Catalog	12019	12019
2021_SinnottArmstrong_NatGenet_IGF1_MULTI_GCST90019511	ok		chromosome	base_pair_location		effect_allele	other_allele	beta		standard_error		p_value				variant_id	beta	study total from GWAS Catalog	2933	2933
2021_SinnottArmstrong_NatGenet_Phosphate_MULTI_GCST90019516	ok		chromosome	base_pair_location		effect_allele	other_allele	beta		standard_error		p_value				variant_id	beta	study total from GWAS Catalog	2929	2929
2021_Stanzick_NatCommun_BUN_EUR_GCST90103632	ok		chromosome	base_pair_location		effect_allele	other_allele	beta		standard_error	effect_allele_frequency	p_value			n	variant_id	beta	per variant	2225	2225
2021_Stanzick_NatCommun_eGFRcys_EUR_GCST90103635	ok		chromosome	base_pair_location		effect_allele	other_allele	beta		standard_error	effect_allele_frequency	p_value			n	variant_id	beta	per variant	2228	2228
2022_Moksnes_CommunBiol_Ferritin_EUR_DataverseNO-S9TJEL	ok		chromosome	base_pair_location		effect_allele	other_allele	beta		standard_error	effect_allele_frequency	p_value					beta	none	3593	3593
2022_Moksnes_CommunBiol_SerumIron_EUR_DataverseNO-S9TJEL	ok		chromosome	base_pair_location		effect_allele	other_allele	beta		standard_error	effect_allele_frequency	p_value					beta	none	2385	2385
2022_Moksnes_CommunBiol_TIBC_EUR_DataverseNO-S9TJEL	ok		chromosome	base_pair_location		effect_allele	other_allele	beta		standard_error	effect_allele_frequency	p_value					beta	none	2388	2388
2022_Moksnes_CommunBiol_TransferrinSaturation_EUR_DataverseNO-S9TJEL	ok		chromosome	base_pair_location		effect_allele	other_allele	beta		standard_error	effect_allele_frequency	p_value					beta	none	2377	2377
2022_Said_NatCommun_CRP_EUR_GCST90029070	ok		chromosome	base_pair_location		effect_allele	other_allele	beta		standard_error		p_value				variant_id	beta	study total from GWAS Catalog	13919	13919
2023_Liu_NatGenet_LeftHippocampalVolume_EAS_GCST90267952	ok		chromosome	base_pair_location		effect_allele	other_allele	beta		standard_error	effect_allele_frequency	p_value					beta	study total from GWAS Catalog	3345	3345
2023_Liu_NatGenet_LeftHippocampalVolume_MULTI_GCST90267908	ok		chromosome	base_pair_location		effect_allele	other_allele	beta		standard_error	effect_allele_frequency	p_value					beta	study total from GWAS Catalog	3673	3673
2023_Liu_NatGenet_RightHippocampalVolume_EAS_GCST90267974	ok		chromosome	base_pair_location		effect_allele	other_allele	beta		standard_error	effect_allele_frequency	p_value					beta	study total from GWAS Catalog	3346	3346
2023_Liu_NatGenet_RightHippocampalVolume_MULTI_GCST90267930	ok		chromosome	base_pair_location		effect_allele	other_allele	beta		standard_error	effect_allele_frequency	p_value					beta	study total from GWAS Catalog	3672	3672
2023_Wang_PLoSGenet_25OHD_AFR_cnsgenomics	ok	effect_allele=A1;other_allele=A2;effect_allele_frequency=AF1	CHR	POS		A1	A2	BETA		SE	AF1	P			N		beta	per variant	8425	7672
2023_Wang_PLoSGenet_25OHD_EAS_cnsgenomics	ok	effect_allele=A1;other_allele=A2;effect_allele_frequency=AF1	CHR	POS		A1	A2	BETA		SE	AF1	P			N		beta	per variant	8775	7894
2023_Wang_PLoSGenet_25OHD_SAS_cnsgenomics	ok	effect_allele=A1;other_allele=A2;effect_allele_frequency=AF1	CHR	POS		A1	A2	BETA		SE	AF1	P			N		beta	per variant	8218	7408
2024_Ahmad_CommunBiol_PlasmaNfL_AFR_GCST90444479	ok		chromosome	base_pair_location		effect_allele	other_allele	beta		standard_error	effect_allele_frequency	p_value			n		beta	per variant	7105	7105
2024_Ahmad_CommunBiol_PlasmaNfL_EUR_GCST90444478	ok		chromosome	base_pair_location		effect_allele	other_allele	beta		standard_error	effect_allele_frequency	p_value			n		beta	per variant	6272	6272
2024_Ahmad_CommunBiol_PlasmaNfL_MULTI_GCST90444480	ok		chromosome	base_pair_location		effect_allele	other_allele	beta		standard_error	effect_allele_frequency	p_value					beta	study total from GWAS Catalog	9860	9860
2024_Cho_NatCommun_Urate_EAS_GCST90319905	ok		chromosome	base_pair_location		effect_allele	other_allele	beta		standard_error	effect_allele_frequency	p_value					beta	study total from GWAS Catalog	8365	8365
2024_Cho_NatCommun_Urate_EUR_GCST90319906	ok		chromosome	base_pair_location		effect_allele	other_allele	beta		standard_error	effect_allele_frequency	p_value					beta	study total from GWAS Catalog	8216	8216
2024_Cho_NatCommun_Urate_MULTI_GCST90319904	ok		chromosome	base_pair_location		effect_allele	other_allele	beta		standard_error	effect_allele_frequency	p_value					beta	study total from GWAS Catalog	7775	7775
2024_Keaton_NatGenet_DBP_EUR_GCST90310295	ok		chromosome	base_pair_location		effect_allele	other_allele	beta		standard_error	effect_allele_frequency	p_value			n	rs_id	beta	per variant	10332	10332
2024_Keaton_NatGenet_PP_EUR_GCST90310296	ok		chromosome	base_pair_location		effect_allele	other_allele	beta		standard_error	effect_allele_frequency	p_value			n	rs_id	beta	per variant	10286	10286
2024_Keaton_NatGenet_SBP_EUR_GCST90310294	ok		chromosome	base_pair_location		effect_allele	other_allele	beta		standard_error	effect_allele_frequency	p_value			n	rs_id	beta	per variant	10120	10120
2024_Verma_Science_ALT_AFR_GCST90475111	ok		chromosome	base_pair_location		effect_allele	other_allele	beta		standard_error	effect_allele_frequency	p_value			n	rsid	beta	per variant	8179	8179
2024_Verma_Science_ALT_AMR_GCST90475110	ok		chromosome	base_pair_location		effect_allele	other_allele	beta		standard_error	effect_allele_frequency	p_value			n	rsid	beta	per variant	8262	8262
2024_Verma_Science_ALT_EAS_GCST90476557	ok		chromosome	base_pair_location		effect_allele	other_allele	beta		standard_error	effect_allele_frequency	p_value			n	rsid	beta	per variant	8373	8373
2024_Verma_Science_ALT_EUR_GCST90475112	ok		chromosome	base_pair_location		effect_allele	other_allele	beta		standard_error	effect_allele_frequency	p_value			n	rsid	beta	per variant	8153	8153
2024_Verma_Science_ALT_MULTI_GCST90479507	ok		chromosome	base_pair_location		effect_allele	other_allele	beta		standard_error	effect_allele_frequency	p_value			n	rsid	beta	per variant	7385	7385
2024_Verma_Science_AST_AFR_GCST90475120	ok		chromosome	base_pair_location		effect_allele	other_allele	beta		standard_error	effect_allele_frequency	p_value			n	rsid	beta	per variant	8186	8186
2024_Verma_Science_AST_AMR_GCST90475119	ok		chromosome	base_pair_location		effect_allele	other_allele	beta		standard_error	effect_allele_frequency	p_value			n	rsid	beta	per variant	8259	8259
2024_Verma_Science_AST_EAS_GCST90476560	ok		chromosome	base_pair_location		effect_allele	other_allele	beta		standard_error	effect_allele_frequency	p_value			n	rsid	beta	per variant	8381	8381
2024_Verma_Science_AST_EUR_GCST90475121	ok		chromosome	base_pair_location		effect_allele	other_allele	beta		standard_error	effect_allele_frequency	p_value			n	rsid	beta	per variant	8145	8145
2024_Verma_Science_AST_MULTI_GCST90479510	ok		chromosome	base_pair_location		effect_allele	other_allele	beta		standard_error	effect_allele_frequency	p_value			n	rsid	beta	per variant	7353	7353
2024_Verma_Science_Albumin_AFR_GCST90475102	ok		chromosome	base_pair_location		effect_allele	other_allele	beta		standard_error	effect_allele_frequency	p_value			n	rsid	beta	per variant	8168	8168
2024_Verma_Science_Albumin_AMR_GCST90475101	ok		chromosome	base_pair_location		effect_allele	other_allele	beta		standard_error	effect_allele_frequency	p_value			n	rsid	beta	per variant	8259	8259
2024_Verma_Science_Albumin_EAS_GCST90476554	ok		chromosome	base_pair_location		effect_allele	other_allele	beta		standard_error	effect_allele_frequency	p_value			n	rsid	beta	per variant	8387	8387
2024_Verma_Science_Albumin_EUR_GCST90475103	ok		chromosome	base_pair_location		effect_allele	other_allele	beta		standard_error	effect_allele_frequency	p_value			n	rsid	beta	per variant	8144	8144
2024_Verma_Science_Albumin_MULTI_GCST90479504	ok		chromosome	base_pair_location		effect_allele	other_allele	beta		standard_error	effect_allele_frequency	p_value			n	rsid	beta	per variant	7431	7431
2024_Verma_Science_Bicarbonate_AFR_GCST90475147	ok		chromosome	base_pair_location		effect_allele	other_allele	beta		standard_error	effect_allele_frequency	p_value			n	rsid	beta	per variant	8172	8172
2024_Verma_Science_Bicarbonate_AMR_GCST90475146	ok		chromosome	base_pair_location		effect_allele	other_allele	beta		standard_error	effect_allele_frequency	p_value			n	rsid	beta	per variant	8259	8259
2024_Verma_Science_Bicarbonate_EAS_GCST90476563	ok		chromosome	base_pair_location		effect_allele	other_allele	beta		standard_error	effect_allele_frequency	p_value			n	rsid	beta	per variant	8364	8364
2024_Verma_Science_Bicarbonate_EUR_GCST90475148	ok		chromosome	base_pair_location		effect_allele	other_allele	beta		standard_error	effect_allele_frequency	p_value			n	rsid	beta	per variant	8148	8148
2024_Verma_Science_Bicarbonate_MULTI_GCST90479519	ok		chromosome	base_pair_location		effect_allele	other_allele	beta		standard_error	effect_allele_frequency	p_value			n	rsid	beta	per variant	7364	7364
2024_Verma_Science_Chloride_AFR_GCST90475193	ok		chromosome	base_pair_location		effect_allele	other_allele	beta		standard_error	effect_allele_frequency	p_value			n	rsid	beta	per variant	8180	8180
2024_Verma_Science_Chloride_AMR_GCST90476589	ok		chromosome	base_pair_location		effect_allele	other_allele	beta		standard_error	effect_allele_frequency	p_value			n	rsid	beta	per variant	8264	8264
2024_Verma_Science_Chloride_EAS_GCST90476590	ok		chromosome	base_pair_location		effect_allele	other_allele	beta		standard_error	effect_allele_frequency	p_value			n	rsid	beta	per variant	8372	8372
2024_Verma_Science_Chloride_EUR_GCST90475194	ok		chromosome	base_pair_location		effect_allele	other_allele	beta		standard_error	effect_allele_frequency	p_value			n	rsid	beta	per variant	8138	8138
2024_Verma_Science_Chloride_MULTI_GCST90479540	ok		chromosome	base_pair_location		effect_allele	other_allele	beta		standard_error	effect_allele_frequency	p_value			n	rsid	beta	per variant	7344	7344
2024_Verma_Science_Creatinine_AFR_GCST90475228	ok		chromosome	base_pair_location		effect_allele	other_allele	beta		standard_error	effect_allele_frequency	p_value			n	rsid	beta	per variant	8172	8172
2024_Verma_Science_Creatinine_AMR_GCST90475227	ok		chromosome	base_pair_location		effect_allele	other_allele	beta		standard_error	effect_allele_frequency	p_value			n	rsid	beta	per variant	8255	8255
2024_Verma_Science_Creatinine_EAS_GCST90476637	ok		chromosome	base_pair_location		effect_allele	other_allele	beta		standard_error	effect_allele_frequency	p_value			n	rsid	beta	per variant	8384	8384
2024_Verma_Science_Creatinine_EUR_GCST90475229	ok		chromosome	base_pair_location		effect_allele	other_allele	beta		standard_error	effect_allele_frequency	p_value			n	rsid	beta	per variant	8129	8129
2024_Verma_Science_Creatinine_MULTI_GCST90479562	ok		chromosome	base_pair_location		effect_allele	other_allele	beta		standard_error	effect_allele_frequency	p_value			n	rsid	beta	per variant	7347	7347
2024_Verma_Science_ESR_AFR_GCST90475306	ok		chromosome	base_pair_location		effect_allele	other_allele	beta		standard_error	effect_allele_frequency	p_value			n	rsid	beta	per variant	8293	8293
2024_Verma_Science_ESR_AMR_GCST90476727	ok		chromosome	base_pair_location		effect_allele	other_allele	beta		standard_error	effect_allele_frequency	p_value			n	rsid	beta	per variant	8324	8324
2024_Verma_Science_ESR_EUR_GCST90475307	ok		chromosome	base_pair_location		effect_allele	other_allele	beta		standard_error	effect_allele_frequency	p_value			n	rsid	beta	per variant	8251	8251
2024_Verma_Science_ESR_MULTI_GCST90479608	ok		chromosome	base_pair_location		effect_allele	other_allele	beta		standard_error	effect_allele_frequency	p_value			n	rsid	beta	per variant	7471	7471
2024_Verma_Science_Ferritin_AFR_GCST90475313	ok		chromosome	base_pair_location		effect_allele	other_allele	beta		standard_error	effect_allele_frequency	p_value			n	rsid	beta	per variant	8247	8247
2024_Verma_Science_Ferritin_AMR_GCST90475312	ok		chromosome	base_pair_location		effect_allele	other_allele	beta		standard_error	effect_allele_frequency	p_value			n	rsid	beta	per variant	8300	8300
2024_Verma_Science_Ferritin_EUR_GCST90475314	ok		chromosome	base_pair_location		effect_allele	other_allele	beta		standard_error	effect_allele_frequency	p_value			n	rsid	beta	per variant	8230	8230
2024_Verma_Science_Ferritin_MULTI_GCST90479611	ok		chromosome	base_pair_location		effect_allele	other_allele	beta		standard_error	effect_allele_frequency	p_value			n	rsid	beta	per variant	7412	7412
2024_Verma_Science_GlucoseRandom_AFR_GCST90475331	ok		chromosome	base_pair_location		effect_allele	other_allele	beta		standard_error	effect_allele_frequency	p_value			n	rsid	beta	per variant	8186	8186
2024_Verma_Science_GlucoseRandom_AMR_GCST90475330	ok		chromosome	base_pair_location		effect_allele	other_allele	beta		standard_error	effect_allele_frequency	p_value			n	rsid	beta	per variant	8264	8264
2024_Verma_Science_GlucoseRandom_EAS_GCST90476788	ok		chromosome	base_pair_location		effect_allele	other_allele	beta		standard_error	effect_allele_frequency	p_value			n	rsid	beta	per variant	8380	8380
2024_Verma_Science_GlucoseRandom_EUR_GCST90475332	ok		chromosome	base_pair_location		effect_allele	other_allele	beta		standard_error	effect_allele_frequency	p_value			n	rsid	beta	per variant	8119	8119
2024_Verma_Science_GlucoseRandom_MULTI_GCST90479626	ok		chromosome	base_pair_location		effect_allele	other_allele	beta		standard_error	effect_allele_frequency	p_value			n	rsid	beta	per variant	7348	7348
2024_Verma_Science_HbA1c_AFR_GCST90475093	ok		chromosome	base_pair_location		effect_allele	other_allele	beta		standard_error	effect_allele_frequency	p_value			n	rsid	beta	per variant	8219	8219
2024_Verma_Science_HbA1c_AMR_GCST90475092	ok		chromosome	base_pair_location		effect_allele	other_allele	beta		standard_error	effect_allele_frequency	p_value			n	rsid	beta	per variant	8262	8262
2024_Verma_Science_HbA1c_EAS_GCST90476551	ok		chromosome	base_pair_location		effect_allele	other_allele	beta		standard_error	effect_allele_frequency	p_value			n	rsid	beta	per variant	8384	8384
2024_Verma_Science_HbA1c_EUR_GCST90475094	ok		chromosome	base_pair_location		effect_allele	other_allele	beta		standard_error	effect_allele_frequency	p_value			n	rsid	beta	per variant	8141	8141
2024_Verma_Science_HbA1c_MULTI_GCST90479501	ok		chromosome	base_pair_location		effect_allele	other_allele	beta		standard_error	effect_allele_frequency	p_value			n	rsid	beta	per variant	7368	7368
2024_Verma_Science_INR_AFR_GCST90475392	ok		chromosome	base_pair_location		effect_allele	other_allele	beta		standard_error	effect_allele_frequency	p_value			n	rsid	beta	per variant	8225	8225
2024_Verma_Science_INR_AMR_GCST90475391	ok		chromosome	base_pair_location		effect_allele	other_allele	beta		standard_error	effect_allele_frequency	p_value			n	rsid	beta	per variant	8277	8277
2024_Verma_Science_INR_EUR_GCST90475393	ok		chromosome	base_pair_location		effect_allele	other_allele	beta		standard_error	effect_allele_frequency	p_value			n	rsid	beta	per variant	8188	8188
2024_Verma_Science_INR_MULTI_GCST90479651	ok		chromosome	base_pair_location		effect_allele	other_allele	beta		standard_error	effect_allele_frequency	p_value			n	rsid	beta	per variant	7380	7380
2024_Verma_Science_Iron_AFR_GCST90475401	ok		chromosome	base_pair_location		effect_allele	other_allele	beta		standard_error	effect_allele_frequency	p_value			n	rsid	beta	per variant	8245	8245
2024_Verma_Science_Iron_AMR_GCST90475400	ok		chromosome	base_pair_location		effect_allele	other_allele	beta		standard_error	effect_allele_frequency	p_value			n	rsid	beta	per variant	8326	8326
2024_Verma_Science_Iron_EUR_GCST90475402	ok		chromosome	base_pair_location		effect_allele	other_allele	beta		standard_error	effect_allele_frequency	p_value			n	rsid	beta	per variant	8243	8243
2024_Verma_Science_Iron_MULTI_GCST90479654	ok		chromosome	base_pair_location		effect_allele	other_allele	beta		standard_error	effect_allele_frequency	p_value			n	rsid	beta	per variant	7366	7366
2024_Verma_Science_Magnesium_AFR_GCST90475479	ok		chromosome	base_pair_location		effect_allele	other_allele	beta		standard_error	effect_allele_frequency	p_value			n	rsid	beta	per variant	8237	8237
2024_Verma_Science_Magnesium_AMR_GCST90475478	ok		chromosome	base_pair_location		effect_allele	other_allele	beta		standard_error	effect_allele_frequency	p_value			n	rsid	beta	per variant	8302	8302
2024_Verma_Science_Magnesium_EUR_GCST90475480	ok		chromosome	base_pair_location		effect_allele	other_allele	beta		standard_error	effect_allele_frequency	p_value			n	rsid	beta	per variant	8188	8188
2024_Verma_Science_Magnesium_MULTI_GCST90479679	ok		chromosome	base_pair_location		effect_allele	other_allele	beta		standard_error	effect_allele_frequency	p_value			n	rsid	beta	per variant	7415	7415
2024_Verma_Science_PT_AFR_GCST90476327	ok		chromosome	base_pair_location		effect_allele	other_allele	beta		standard_error	effect_allele_frequency	p_value			n	rsid	beta	per variant	8252	8252
2024_Verma_Science_PT_AMR_GCST90476326	ok		chromosome	base_pair_location		effect_allele	other_allele	beta		standard_error	effect_allele_frequency	p_value			n	rsid	beta	per variant	8323	8323
2024_Verma_Science_PT_EUR_GCST90476328	ok		chromosome	base_pair_location		effect_allele	other_allele	beta		standard_error	effect_allele_frequency	p_value			n	rsid	beta	per variant	8233	8233
2024_Verma_Science_PT_MULTI_GCST90480663	ok		chromosome	base_pair_location		effect_allele	other_allele	beta		standard_error	effect_allele_frequency	p_value			n	rsid	beta	per variant	7458	7458
2024_Verma_Science_Potassium_AFR_GCST90476306	ok		chromosome	base_pair_location		effect_allele	other_allele	beta		standard_error	effect_allele_frequency	p_value			n	rsid	beta	per variant	8178	8178
2024_Verma_Science_Potassium_AMR_GCST90476305	ok		chromosome	base_pair_location		effect_allele	other_allele	beta		standard_error	effect_allele_frequency	p_value			n	rsid	beta	per variant	8261	8261
2024_Verma_Science_Potassium_EAS_GCST90479350	ok		chromosome	base_pair_location		effect_allele	other_allele	beta		standard_error	effect_allele_frequency	p_value			n	rsid	beta	per variant	8384	8384
2024_Verma_Science_Potassium_EUR_GCST90476307	ok		chromosome	base_pair_location		effect_allele	other_allele	beta		standard_error	effect_allele_frequency	p_value			n	rsid	beta	per variant	8146	8146
2024_Verma_Science_Potassium_MULTI_GCST90480654	ok		chromosome	base_pair_location		effect_allele	other_allele	beta		standard_error	effect_allele_frequency	p_value			n	rsid	beta	per variant	7399	7399
2024_Verma_Science_Sodium_AFR_GCST90476394	ok		chromosome	base_pair_location		effect_allele	other_allele	beta		standard_error	effect_allele_frequency	p_value			n	rsid	beta	per variant	8174	8174
2024_Verma_Science_Sodium_AMR_GCST90476393	ok		chromosome	base_pair_location		effect_allele	other_allele	beta		standard_error	effect_allele_frequency	p_value			n	rsid	beta	per variant	8261	8261
2024_Verma_Science_Sodium_EAS_GCST90479476	ok		chromosome	base_pair_location		effect_allele	other_allele	beta		standard_error	effect_allele_frequency	p_value			n	rsid	beta	per variant	8365	8365
2024_Verma_Science_Sodium_EUR_GCST90476395	ok		chromosome	base_pair_location		effect_allele	other_allele	beta		standard_error	effect_allele_frequency	p_value			n	rsid	beta	per variant	8133	8133
2024_Verma_Science_Sodium_MULTI_GCST90480703	ok		chromosome	base_pair_location		effect_allele	other_allele	beta		standard_error	effect_allele_frequency	p_value			n	rsid	beta	per variant	7368	7368
2024_Verma_Science_TransferrinSaturation_AFR_GCST90476444	ok		chromosome	base_pair_location		effect_allele	other_allele	beta		standard_error	effect_allele_frequency	p_value			n	rsid	beta	per variant	8273	8273
2024_Verma_Science_TransferrinSaturation_AMR_GCST90476443	ok		chromosome	base_pair_location		effect_allele	other_allele	beta		standard_error	effect_allele_frequency	p_value			n	rsid	beta	per variant	8312	8312
2024_Verma_Science_TransferrinSaturation_EUR_GCST90476445	ok		chromosome	base_pair_location		effect_allele	other_allele	beta		standard_error	effect_allele_frequency	p_value			n	rsid	beta	per variant	8254	8254
2024_Verma_Science_TransferrinSaturation_MULTI_GCST90480721	ok		chromosome	base_pair_location		effect_allele	other_allele	beta		standard_error	effect_allele_frequency	p_value			n	rsid	beta	per variant	7470	7470
2024_Wei_NatCommun_TSHpregnancy_EAS_GCST90435195	ok		chromosome	base_pair_location		effect_allele	other_allele	beta		standard_error	effect_allele_frequency	p_value					beta	study total from GWAS Catalog	4416	4416
2025_Hoffmann_NatGenet_PSA_MULTI_GCST90461907	ok		chromosome	base_pair_location		effect_allele	other_allele	beta		standard_error	effect_allele_frequency	p_value			n		beta	per variant	13086	13086
2025_Liu_Science_eGFRcrea_AFR_figshare47668984	ok	effect_allele=ALT;other_allele=REF;effect_allele_frequency=Freq_ALT	CHR	POS		ALT	REF	BETA		SE	Freq_ALT	P.value	Log10P	Zscore	N	MarkerName	beta	per variant	4470	4470
2025_Liu_Science_eGFRcrea_EAS_figshare49574424	ok	effect_allele=ALT;other_allele=REF;effect_allele_frequency=Freq_ALT	CHR	POS		ALT	REF	BETA		SE	Freq_ALT	P.value	Log10P	Zscore	N	MarkerName	beta	per variant	5322	5322
2025_Liu_Science_eGFRcrea_EUR_figshare47668981	ok	effect_allele=ALT;other_allele=REF;effect_allele_frequency=Freq_ALT	CHR	POS		ALT	REF	BETA		SE	Freq_ALT	P.value	Log10P	Zscore	N	MarkerName	beta	per variant	4379	4379
2025_Liu_Science_eGFRcrea_MULTI_figshare47668987	ok	effect_allele=ALT;other_allele=REF;effect_allele_frequency=Freq_ALT	CHR	POS		ALT	REF	BETA		SE	Freq_ALT	P.value	Log10P	Zscore	N	MarkerName	beta	per variant	3898	3898
2025_Pagadala_NatCommun_TotalTestosteroneMen_AFR-M_GCST90503317	ok		chromosome	base_pair_location		effect_allele	other_allele	beta		standard_error	effect_allele_frequency	p_value			n	rsid	beta	per variant	2299	2299
2025_Pagadala_NatCommun_TotalTestosteroneMen_AMR-M_GCST90503321	ok		chromosome	base_pair_location		effect_allele	other_allele	beta		standard_error	effect_allele_frequency	p_value			n	rsid	beta	per variant	2316	2316
2025_Pagadala_NatCommun_TotalTestosteroneMen_EAS-M_GCST90503325	ok		chromosome	base_pair_location		effect_allele	other_allele	beta		standard_error	effect_allele_frequency	p_value			n	rsid	beta	per variant	2362	2362
2025_Pagadala_NatCommun_TotalTestosteroneMen_EUR-M_GCST90503313	ok		chromosome	base_pair_location		effect_allele	other_allele	beta		standard_error	effect_allele_frequency	p_value			n	rsid	beta	per variant	2280	2280
2025_UKBWGS_Nature_ApoA1_AFR_GCST90474306	ok		chromosome	base_pair_location		effect_allele	other_allele	beta		standard_error	effect_allele_frequency	p_value			n		beta	per variant	5907	5907
2025_UKBWGS_Nature_ApoA1_ASJ_GCST90474307	ok		chromosome	base_pair_location		effect_allele	other_allele	beta		standard_error	effect_allele_frequency	p_value			n		beta	per variant	6874	6874
2025_UKBWGS_Nature_ApoA1_EAS_GCST90474308	ok		chromosome	base_pair_location		effect_allele	other_allele	beta		standard_error	effect_allele_frequency	p_value			n		beta	per variant	6125	6125
2025_UKBWGS_Nature_ApoA1_EUR_GCST90474309	ok		chromosome	base_pair_location		effect_allele	other_allele	beta		standard_error	effect_allele_frequency	p_value			n		beta	per variant	5679	5679
2025_UKBWGS_Nature_ApoA1_SAS_GCST90474310	ok		chromosome	base_pair_location		effect_allele	other_allele	beta		standard_error	effect_allele_frequency	p_value			n		beta	per variant	5792	5792
2025_UKBWGS_Nature_ApoB_AFR_GCST90474311	ok		chromosome	base_pair_location		effect_allele	other_allele	beta		standard_error	effect_allele_frequency	p_value			n		beta	per variant	5901	5901
2025_UKBWGS_Nature_ApoB_ASJ_GCST90474312	ok		chromosome	base_pair_location		effect_allele	other_allele	beta		standard_error	effect_allele_frequency	p_value			n		beta	per variant	6777	6777
2025_UKBWGS_Nature_ApoB_EAS_GCST90474313	ok		chromosome	base_pair_location		effect_allele	other_allele	beta		standard_error	effect_allele_frequency	p_value			n		beta	per variant	5999	5999
2025_UKBWGS_Nature_ApoB_EUR_GCST90474314	ok		chromosome	base_pair_location		effect_allele	other_allele	beta		standard_error	effect_allele_frequency	p_value			n		beta	per variant	5671	5671
2025_UKBWGS_Nature_ApoB_SAS_GCST90474315	ok		chromosome	base_pair_location		effect_allele	other_allele	beta		standard_error	effect_allele_frequency	p_value			n		beta	per variant	5790	5790
2026_Tambets_Nature_ApoA1NMR_AFR_GCST90449866	ok		chromosome	base_pair_location		effect_allele	other_allele	beta		standard_error	effect_allele_frequency		neg_log_10_p_value		n	rsid	beta	per variant	5799	5799
2026_Tambets_Nature_ApoA1NMR_AMR_GCST90450115	ok		chromosome	base_pair_location		effect_allele	other_allele	beta		standard_error	effect_allele_frequency		neg_log_10_p_value		n	rsid	beta	per variant	5956	5956
2026_Tambets_Nature_ApoA1NMR_EAS_GCST90450613	ok		chromosome	base_pair_location		effect_allele	other_allele	beta		standard_error	effect_allele_frequency		neg_log_10_p_value		n	rsid	beta	per variant	5873	5873
2026_Tambets_Nature_ApoA1NMR_EUR_GCST90449368	ok		chromosome	base_pair_location		effect_allele	other_allele	beta		standard_error	effect_allele_frequency		neg_log_10_p_value		n	rsid	beta	per variant	5732	5732
2026_Tambets_Nature_ApoA1NMR_EUR_GCST90449617	ok		chromosome	base_pair_location		effect_allele	other_allele	beta		standard_error	effect_allele_frequency		neg_log_10_p_value		n	rsid	beta	per variant	5653	5653
2026_Tambets_Nature_ApoA1NMR_EUR_GCST90451111	ok		chromosome	base_pair_location		effect_allele	other_allele	beta		standard_error	effect_allele_frequency		neg_log_10_p_value		n		beta	per variant	5749	5749
2026_Tambets_Nature_ApoA1NMR_MULTI_GCST90450364	ok		chromosome	base_pair_location		effect_allele	other_allele	beta		standard_error	effect_allele_frequency		neg_log_10_p_value		n	rsid	beta	per variant	5761	5761
2026_Tambets_Nature_ApoA1NMR_MULTI_GCST90450862	ok		chromosome	base_pair_location		effect_allele	other_allele	beta		standard_error	effect_allele_frequency		neg_log_10_p_value		n	rsid	beta	per variant	5877	5877
2026_Tambets_Nature_ApoA1NMR_MULTI_GCST90451360	ok		chromosome	base_pair_location		effect_allele	other_allele	beta		standard_error	effect_allele_frequency		neg_log_10_p_value		n		beta	per variant	4638	4638
2026_Tambets_Nature_ApoBNMR_AFR_GCST90449868	ok		chromosome	base_pair_location		effect_allele	other_allele	beta		standard_error	effect_allele_frequency		neg_log_10_p_value		n	rsid	beta	per variant	5802	5802
2026_Tambets_Nature_ApoBNMR_AMR_GCST90450117	ok		chromosome	base_pair_location		effect_allele	other_allele	beta		standard_error	effect_allele_frequency		neg_log_10_p_value		n	rsid	beta	per variant	5967	5967
2026_Tambets_Nature_ApoBNMR_EAS_GCST90450615	ok		chromosome	base_pair_location		effect_allele	other_allele	beta		standard_error	effect_allele_frequency		neg_log_10_p_value		n	rsid	beta	per variant	5875	5875
2026_Tambets_Nature_ApoBNMR_EUR_GCST90449370	ok		chromosome	base_pair_location		effect_allele	other_allele	beta		standard_error	effect_allele_frequency		neg_log_10_p_value		n	rsid	beta	per variant	5730	5730
2026_Tambets_Nature_ApoBNMR_EUR_GCST90449619	ok		chromosome	base_pair_location		effect_allele	other_allele	beta		standard_error	effect_allele_frequency		neg_log_10_p_value		n	rsid	beta	per variant	5652	5652
2026_Tambets_Nature_ApoBNMR_EUR_GCST90451113	ok		chromosome	base_pair_location		effect_allele	other_allele	beta		standard_error	effect_allele_frequency		neg_log_10_p_value		n		beta	per variant	5749	5749
2026_Tambets_Nature_ApoBNMR_MULTI_GCST90450366	ok		chromosome	base_pair_location		effect_allele	other_allele	beta		standard_error	effect_allele_frequency		neg_log_10_p_value		n	rsid	beta	per variant	5761	5761
2026_Tambets_Nature_ApoBNMR_MULTI_GCST90450864	ok		chromosome	base_pair_location		effect_allele	other_allele	beta		standard_error	effect_allele_frequency		neg_log_10_p_value		n	rsid	beta	per variant	5878	5878
2026_Tambets_Nature_ApoBNMR_MULTI_GCST90451362	ok		chromosome	base_pair_location		effect_allele	other_allele	beta		standard_error	effect_allele_frequency		neg_log_10_p_value		n		beta	per variant	4640	4640
2026_Tambets_Nature_GlucoseNMR_AFR_GCST90449877	ok		chromosome	base_pair_location		effect_allele	other_allele	beta		standard_error	effect_allele_frequency		neg_log_10_p_value		n	rsid	beta	per variant	5804	5804
2026_Tambets_Nature_GlucoseNMR_AMR_GCST90450126	ok		chromosome	base_pair_location		effect_allele	other_allele	beta		standard_error	effect_allele_frequency		neg_log_10_p_value		n	rsid	beta	per variant	5962	5962
2026_Tambets_Nature_GlucoseNMR_EAS_GCST90450624	ok		chromosome	base_pair_location		effect_allele	other_allele	beta		standard_error	effect_allele_frequency		neg_log_10_p_value		n	rsid	beta	per variant	5873	5873
2026_Tambets_Nature_GlucoseNMR_EUR_GCST90449379	ok		chromosome	base_pair_location		effect_allele	other_allele	beta		standard_error	effect_allele_frequency		neg_log_10_p_value		n	rsid	beta	per variant	5736	5736
2026_Tambets_Nature_GlucoseNMR_EUR_GCST90449628	ok		chromosome	base_pair_location		effect_allele	other_allele	beta		standard_error	effect_allele_frequency		neg_log_10_p_value		n	rsid	beta	per variant	5656	5656
2026_Tambets_Nature_GlucoseNMR_EUR_GCST90451122	ok		chromosome	base_pair_location		effect_allele	other_allele	beta		standard_error	effect_allele_frequency		neg_log_10_p_value		n		beta	per variant	5745	5745
2026_Tambets_Nature_GlucoseNMR_MULTI_GCST90450375	ok		chromosome	base_pair_location		effect_allele	other_allele	beta		standard_error	effect_allele_frequency		neg_log_10_p_value		n	rsid	beta	per variant	5762	5762
2026_Tambets_Nature_GlucoseNMR_MULTI_GCST90450873	ok		chromosome	base_pair_location		effect_allele	other_allele	beta		standard_error	effect_allele_frequency		neg_log_10_p_value		n	rsid	beta	per variant	5873	5873
2026_Tambets_Nature_GlucoseNMR_MULTI_GCST90451371	ok		chromosome	base_pair_location		effect_allele	other_allele	beta		standard_error	effect_allele_frequency		neg_log_10_p_value		n		beta	per variant	4638	4638
2026_Timsina_NatCommun_CSFAbeta42_EUR_GCST90726396	ok		chromosome	base_pair_location		effect_allele	other_allele	beta		standard_error	effect_allele_frequency	p_value					beta	study total from GWAS Catalog	4992	4992
2026_Timsina_NatCommun_CSFpTau181_EUR_GCST90726398	ok		chromosome	base_pair_location		effect_allele	other_allele	beta		standard_error	effect_allele_frequency	p_value					beta	study total from GWAS Catalog	5214	5214
2026_Timsina_NatCommun_CSFtTau_EUR_GCST90726397	ok		chromosome	base_pair_location		effect_allele	other_allele	beta		standard_error	effect_allele_frequency	p_value					beta	study total from GWAS Catalog	5217	5217
